<?xml version="1.0" encoding="UTF-8"?>
<project version="4">
  <component name="AutoImportSettings">
    <option name="autoReloadType" value="NONE" />
  </component>
  <component name="ChangeListManager">
    <list default="true" id="86809446-f021-4eb5-960f-013cf01c9566" name="Changes" comment="" />
    <option name="SHOW_DIALOG" value="false" />
    <option name="HIGHLIGHT_CONFLICTS" value="true" />
    <option name="HIGHLIGHT_NON_ACTIVE_CHANGELIST" value="false" />
    <option name="LAST_RESOLUTION" value="IGNORE" />
  </component>
  <component name="ClangdSettings">
    <option name="formatViaClangd" value="false" />
  </component>
  <component name="ProjectColorInfo"><![CDATA[{
  "associatedIndex": 3
}]]></component>
  <component name="ProjectId" id="343Ihnc2hUZTO2pzKeBqL5JEHvW" />
  <component name="ProjectViewState">
    <option name="hideEmptyMiddlePackages" value="true" />
    <option name="showLibraryContents" value="true" />
  </component>
  <component name="PropertiesComponent"><![CDATA[{
  "keyToString": {
    "ModuleVcsDetector.initialDetectionPerformed": "true",
    "RunOnceActivity.ShowReadmeOnStart": "true",
    "RunOnceActivity.cidr.known.project.marker": "true",
    "RunOnceActivity.readMode.enableVisualFormatting": "true",
    "cf.first.check.clang-format": "false",
    "cidr.known.project.marker": "true",
    "last_opened_file_path": "C:/Users/athar/OneDrive/Desktop/oops_project",
    "settings.editor.selected.configurable": "com.android.studio.ml.bot.mainConfigurable"
  }
}]]></component>
  <component name="TaskManager">
    <task active="true" id="Default" summary="Default task">
      <changelist id="86809446-f021-4eb5-960f-013cf01c9566" name="Changes" comment="" />
      <created>1760435950555</created>
      <option name="number" value="Default" />
      <option name="presentableId" value="Default" />
      <updated>1760435950555</updated>
    </task>
    <servers />
  </component>
</project>